Date,Cocoa_Price_USD,Trading_Volume,Rainfall_mm
2020-01-02,2532.0,23966,0.0
2020-01-03,2519.0,16723,0.0
2020-01-06,2484.0,15577,0.0
2020-01-07,2533.0,17979,0.0
2020-01-08,2501.0,13837,0.0
2020-01-09,2554.0,16924,0.0
2020-01-10,2589.0,21537,0.0
2020-01-13,2583.0,18971,0.0
2020-01-14,2655.0,22593,0.0
2020-01-15,2689.0,24254,0.0
2020-01-16,2712.0,25399,0.0
2020-01-17,2797.0,29518,0.0
2020-01-21,2818.0,22556,5.3
2020-01-22,2803.0,19306,2.6
2020-01-23,2771.0,17735,0.0
2020-01-24,2733.0,19016,0.0
2020-01-27,2734.0,23341,0.0
2020-01-28,2703.0,20724,0.0
2020-01-29,2727.0,16992,0.0
2020-01-30,2801.0,24487,0.0
2020-01-31,2777.0,24356,0.0
2020-02-03,2734.0,32020,0.0
2020-02-04,2757.0,21701,0.0
2020-02-05,2790.0,26605,0.0
2020-02-06,2849.0,28819,0.0
2020-02-07,2900.0,36858,0.0
2020-02-10,2940.0,23193,0.7
2020-02-11,2918.0,14396,7.1
2020-02-12,2904.0,7827,0.0
2020-02-13,2988.0,4733,0.0
2020-02-14,2904.0,141,0.0
2020-02-18,2900.0,11,0.0
2020-02-19,2925.0,4,0.2
2020-02-20,2939.0,8,0.4
2020-02-21,2922.0,13,3.6
2020-02-24,2883.0,2,0.1
2020-02-25,2888.0,0,0.3
2020-02-26,2828.0,10,0.0
2020-02-27,2833.0,1,0.0
2020-02-28,2760.0,0,3.9
2020-03-02,2748.0,0,0.1
2020-03-03,2740.0,3,0.7
2020-03-04,2713.0,0,3.6
2020-03-05,2684.0,0,0.5
2020-03-06,2702.0,7,1.7
2020-03-09,2686.0,1,1.5
2020-03-10,2718.0,0,11.9
2020-03-11,2766.0,3,2.0
2020-03-12,2636.0,0,0.2
2020-03-13,2482.0,4,0.2
2020-03-16,2388.0,34560,0.2
2020-03-17,2318.0,35997,1.2
2020-03-18,2284.0,27128,4.8
2020-03-19,2216.0,30445,4.1
2020-03-20,2230.0,27298,0.3
2020-03-23,2257.0,18098,17.3
2020-03-24,2275.0,18253,2.9
2020-03-25,2248.0,14594,5.7
2020-03-26,2255.0,13804,13.1
2020-03-27,2257.0,13400,12.1
2020-03-30,2265.0,15668,1.1
2020-03-31,2249.0,14106,0.5
2020-04-01,2227.0,11954,5.9
2020-04-02,2285.0,16297,0.0
2020-04-03,2264.0,12944,0.3
2020-04-06,2366.0,18776,1.2
2020-04-07,2410.0,18963,5.4
2020-04-08,2379.0,9268,11.9
2020-04-09,2305.0,8552,9.5
2020-04-13,2253.0,4921,0.0
2020-04-14,2265.0,6293,0.1
2020-04-15,2205.0,3725,30.6
2020-04-16,2235.0,1145,0.4
2020-04-17,2379.0,58,0.0
2020-04-20,2338.0,69,11.3
2020-04-21,2298.0,1,0.0
2020-04-22,2355.0,0,1.4
2020-04-23,2343.0,0,1.7
2020-04-24,2341.0,2,8.1
2020-04-27,2348.0,4,0.6
2020-04-28,2360.0,0,0.1
2020-04-29,2395.0,0,0.3
2020-04-30,2432.0,0,3.1
2020-05-01,2420.0,0,0.0
2020-05-04,2405.0,0,0.9
2020-05-05,2396.0,0,0.0
2020-05-06,2381.0,0,3.0
2020-05-07,2399.0,0,1.6
2020-05-08,2418.0,0,0.2
2020-05-11,2481.0,0,18.4
2020-05-12,2420.0,0,0.1
2020-05-13,2474.0,17534,0.2
2020-05-14,2413.0,12082,0.4
2020-05-15,2399.0,8506,3.0
2020-05-18,2404.0,8502,11.0
2020-05-19,2435.0,7914,0.4
2020-05-20,2401.0,11534,3.6
2020-05-21,2340.0,18245,0.5
2020-05-22,2394.0,0,0.4
2020-05-26,2394.0,20819,10.2
2020-05-27,2363.0,14676,8.9
2020-05-28,2429.0,16527,2.0
2020-05-29,2454.0,20256,2.8
2020-06-01,2493.0,20172,2.4
2020-06-02,2402.0,24633,3.7
2020-06-03,2395.0,15085,0.3
2020-06-04,2396.0,12967,0.7
2020-06-05,2398.0,18683,0.1
2020-06-08,2413.0,16008,3.0
2020-06-09,2484.0,23490,7.5
2020-06-10,2470.0,9825,4.1
2020-06-11,2362.0,8584,12.0
2020-06-12,2396.0,3844,0.3
2020-06-15,2355.0,3402,0.9
2020-06-16,2360.0,1705,0.3
2020-06-17,2379.0,8,3.3
2020-06-18,2419.0,0,3.6
2020-06-19,2387.0,6,1.3
2020-06-22,2405.0,0,3.6
2020-06-23,2425.0,0,1.2
2020-06-24,2441.0,0,0.5
2020-06-25,2521.0,0,2.8
2020-06-26,2352.0,202,2.7
2020-06-29,2313.0,0,1.1
2020-06-30,2251.0,0,1.0
2020-07-01,2209.0,1,1.5
2020-07-02,2214.0,0,1.0
2020-07-06,2187.0,0,0.3
2020-07-07,2217.0,0,0.3
2020-07-08,2221.0,3,1.4
2020-07-09,2267.0,0,6.0
2020-07-10,2278.0,0,1.8
2020-07-13,2311.0,0,5.3
2020-07-14,2273.0,0,4.2
2020-07-15,2253.0,0,0.0
2020-07-16,2279.0,12624,0.0
2020-07-17,2160.0,13169,0.5
2020-07-20,2219.0,21834,8.5
2020-07-21,2176.0,20076,6.2
2020-07-22,2205.0,9329,4.1
2020-07-23,2202.0,10788,3.5
2020-07-24,2224.0,13654,8.0
2020-07-27,2286.0,18753,0.6
2020-07-28,2291.0,13486,1.1
2020-07-29,2341.0,19208,4.2
2020-07-30,2344.0,20244,0.7
2020-07-31,2400.0,19622,5.8
2020-08-03,2469.0,27375,0.0
2020-08-04,2449.0,21494,0.0
2020-08-05,2481.0,21640,0.0
2020-08-06,2510.0,26502,0.0
2020-08-07,2546.0,21719,0.5
2020-08-10,2495.0,18446,0.9
2020-08-11,2458.0,16025,2.1
2020-08-12,2479.0,7570,0.0
2020-08-13,2487.0,6006,0.1
2020-08-14,2436.0,11547,0.0
2020-08-17,2421.0,2912,0.0
2020-08-18,2476.0,15,1.1
2020-08-19,2446.0,24,1.3
2020-08-20,2440.0,16,2.3
2020-08-21,2459.0,519,1.1
2020-08-24,2509.0,0,0.4
2020-08-25,2537.0,15,0.7
2020-08-26,2526.0,0,0.6
2020-08-27,2589.0,0,1.3
2020-08-28,2692.0,24,5.3
2020-08-31,2723.0,17,1.9
2020-09-01,2735.0,0,1.2
2020-09-02,2750.0,3,1.4
2020-09-03,2703.0,0,17.7
2020-09-04,2664.0,0,14.3
2020-09-08,2624.0,0,64.6
2020-09-09,2631.0,2,2.6
2020-09-10,2606.0,0,14.9
2020-09-11,2620.0,2,4.0
2020-09-14,2628.0,0,2.4
2020-09-15,2766.0,35168,2.6
2020-09-16,2602.0,24393,4.8
2020-09-17,2600.0,16424,3.1
2020-09-18,2641.0,14848,2.2
2020-09-21,2629.0,18315,4.8
2020-09-22,2556.0,17211,0.9
2020-09-23,2580.0,13939,7.3
2020-09-24,2599.0,13267,7.2
2020-09-25,2568.0,13443,5.8
2020-09-28,2587.0,14832,0.7
2020-09-29,2588.0,14129,5.6
2020-09-30,2546.0,15535,4.1
2020-10-01,2508.0,28730,6.5
2020-10-02,2482.0,20761,57.6
2020-10-05,2459.0,20220,8.0
2020-10-06,2437.0,17157,0.5
2020-10-07,2452.0,14505,5.4
2020-10-08,2473.0,14408,0.3
2020-10-09,2432.0,15058,0.4
2020-10-12,2444.0,12560,1.0
2020-10-13,2381.0,24753,0.4
2020-10-14,2391.0,19077,1.5
2020-10-15,2343.0,19245,6.8
2020-10-16,2361.0,14889,1.0
2020-10-19,2425.0,15222,0.5
2020-10-20,2382.0,12335,4.4
2020-10-21,2427.0,12830,0.3
2020-10-22,2474.0,9780,0.6
2020-10-23,2479.0,12821,0.5
2020-10-26,2497.0,16713,0.1
2020-10-27,2452.0,14133,1.8
2020-10-28,2376.0,16261,1.4
2020-10-29,2339.0,16328,0.4
2020-10-30,2293.0,18134,0.6
2020-11-02,2257.0,21164,0.2
2020-11-03,2290.0,18691,1.2
2020-11-04,2276.0,13220,0.2
2020-11-05,2312.0,13723,5.8
2020-11-06,2333.0,13788,4.7
2020-11-09,2390.0,14529,1.2
2020-11-10,2339.0,10502,2.6
2020-11-11,2353.0,6895,5.8
2020-11-12,2340.0,6613,1.6
2020-11-13,2365.0,7079,0.3
2020-11-16,2653.0,49,0.2
2020-11-17,2768.0,2603,1.1
2020-11-18,2831.0,94,0.0
2020-11-19,2915.0,9,0.4
2020-11-20,2962.0,830,1.1
2020-11-23,3022.0,15,0.4
2020-11-24,3054.0,0,0.9
2020-11-25,2993.0,8,0.5
2020-11-27,3035.0,0,0.0
2020-11-30,3008.0,0,0.1
2020-12-01,2960.0,0,0.6
2020-12-02,2907.0,0,0.1
2020-12-03,2897.0,0,0.0
2020-12-04,2878.0,1,0.0
2020-12-07,2836.0,0,0.9
2020-12-08,2700.0,3,0.9
2020-12-09,2674.0,0,4.5
2020-12-10,2692.0,1,0.5
2020-12-11,2747.0,0,0.0
2020-12-14,2713.0,0,1.2
2020-12-15,2665.0,15954,0.1
2020-12-16,2517.0,14198,2.4
2020-12-17,2541.0,13736,0.4
2020-12-18,2506.0,14133,1.6
2020-12-21,2555.0,25936,0.3
2020-12-22,2535.0,18740,0.4
2020-12-23,2557.0,13932,0.7
2020-12-24,2593.0,6352,1.0
2020-12-28,2560.0,5906,0.1
2020-12-29,2507.0,14669,0.1
2020-12-30,2597.0,19037,0.1
2020-12-31,2603.0,11951,0.0
2021-01-04,2552.0,25426,0.3
2021-01-05,2514.0,17025,2.9
2021-01-06,2486.0,16193,0.3
2021-01-07,2547.0,22080,0.2
2021-01-08,2516.0,14169,0.2
2021-01-11,2480.0,14899,1.8
2021-01-12,2498.0,12939,2.6
2021-01-13,2499.0,15200,0.3
2021-01-14,2500.0,16723,0.0
2021-01-15,2527.0,14749,0.0
2021-01-19,2590.0,24116,0.1
2021-01-20,2569.0,20172,0.6
2021-01-21,2550.0,14201,0.3
2021-01-22,2529.0,19706,0.0
2021-01-25,2508.0,18154,0.0
2021-01-26,2545.0,19921,0.0
2021-01-27,2504.0,18018,0.0
2021-01-28,2510.0,15995,0.2
2021-01-29,2531.0,14566,0.3
2021-02-01,2547.0,15775,0.0
2021-02-02,2599.0,35418,0.3
2021-02-03,2527.0,21335,0.2
2021-02-04,2532.0,17416,0.0
2021-02-05,2587.0,24891,0.3
2021-02-08,2577.0,16741,1.1
2021-02-09,2581.0,13103,0.0
2021-02-10,2677.0,10874,0.1
2021-02-11,2449.0,3442,0.0
2021-02-12,2503.0,85,0.0
2021-02-16,2498.0,1,1.2
2021-02-17,2447.0,30,4.8
2021-02-18,2552.0,56,8.1
2021-02-19,2535.0,62,0.5
2021-02-22,2582.0,0,0.0
2021-02-23,2596.0,97,0.0
2021-02-24,2650.0,0,0.0
2021-02-25,2705.0,0,0.0
2021-02-26,2701.0,0,0.2
2021-03-01,2736.0,0,0.4
2021-03-02,2742.0,0,0.0
2021-03-03,2754.0,0,0.0
2021-03-04,2785.0,22,0.8
2021-03-05,2706.0,0,3.8
2021-03-08,2693.0,0,0.7
2021-03-09,2713.0,0,5.4
2021-03-10,2733.0,28,8.9
2021-03-11,2753.0,0,11.2
2021-03-12,2574.0,87,2.3
2021-03-15,2590.0,4,0.0
2021-03-16,2512.0,14042,1.4
2021-03-17,2521.0,12332,13.4
2021-03-18,2542.0,13600,0.8
2021-03-19,2493.0,18857,0.0
2021-03-22,2505.0,10611,15.4
2021-03-23,2447.0,17807,0.9
2021-03-24,2435.0,17815,0.0
2021-03-25,2456.0,18620,0.1
2021-03-26,2458.0,13731,0.0
2021-03-29,2436.0,16433,2.4
2021-03-30,2347.0,32833,0.4
2021-03-31,2348.0,19070,0.0
2021-04-01,2392.0,29922,0.7
2021-04-05,2336.0,19115,0.1
2021-04-06,2406.0,26688,0.1
2021-04-07,2389.0,16364,2.0
2021-04-08,2355.0,17731,3.2
2021-04-09,2354.0,12414,3.8
2021-04-12,2367.0,11257,0.0
2021-04-13,2408.0,7565,3.0
2021-04-14,2421.0,5607,0.4
2021-04-15,2413.0,9449,0.6
2021-04-16,2408.0,2532,5.7
2021-04-19,2437.0,41,6.4
2021-04-20,2379.0,2,0.0
2021-04-21,2399.0,2,2.3
2021-04-22,2402.0,1,13.6
2021-04-23,2410.0,5,0.7
2021-04-26,2447.0,8,0.1
2021-04-27,2438.0,0,9.2
2021-04-28,2432.0,0,0.3
2021-04-29,2459.0,0,0.2
2021-04-30,2342.0,16,1.3
2021-05-03,2328.0,0,11.2
2021-05-04,2283.0,0,1.3
2021-05-05,2354.0,0,0.5
2021-05-06,2372.0,0,0.1
2021-05-07,2422.0,0,0.0
2021-05-10,2473.0,0,0.1
2021-05-11,2425.0,0,0.2
2021-05-12,2476.0,0,0.6
2021-05-13,2461.0,18866,0.2
2021-05-14,2474.0,17131,0.4
2021-05-17,2539.0,19568,3.1
2021-05-18,2504.0,17015,4.5
2021-05-19,2469.0,16513,0.8
2021-05-20,2444.0,14628,0.0
2021-05-21,2456.0,12890,1.0
2021-05-24,2389.0,21438,2.8
2021-05-25,2380.0,16805,2.3
2021-05-26,2422.0,18751,2.4
2021-05-27,2430.0,17022,2.1
2021-05-28,2412.0,11526,0.6
2021-06-01,2431.0,28741,0.5
2021-06-02,2426.0,16102,2.2
2021-06-03,2415.0,22136,1.2
2021-06-04,2409.0,16964,9.8
2021-06-07,2350.0,23591,11.5
2021-06-08,2375.0,22691,2.8
2021-06-09,2348.0,10110,9.5
2021-06-10,2383.0,12700,30.9
2021-06-11,2350.0,8096,2.9
2021-06-14,2396.0,8161,0.8
2021-06-15,2373.0,6324,8.5
2021-06-16,2347.0,4056,1.6
2021-06-17,2311.0,68,0.0
2021-06-18,2302.0,0,1.9
2021-06-21,2308.0,26,5.4
2021-06-22,2326.0,10,0.9
2021-06-23,2297.0,7,15.9
2021-06-24,2315.0,4,2.7
2021-06-25,2351.0,2,15.1
2021-06-28,2351.0,0,0.1
2021-06-29,2361.0,0,1.8
2021-06-30,2360.0,0,10.6
2021-07-01,2325.0,10,14.0
2021-07-02,2290.0,2,61.8
2021-07-06,2269.0,0,3.0
2021-07-07,2267.0,2,1.0
2021-07-08,2266.0,0,2.6
2021-07-09,2318.0,0,4.6
2021-07-12,2401.0,2,3.8
2021-07-13,2370.0,0,3.4
2021-07-14,2373.0,0,6.3
2021-07-15,2340.0,12612,5.9
2021-07-16,2320.0,18751,13.4
2021-07-19,2239.0,26442,1.2
2021-07-20,2257.0,17429,1.9
2021-07-21,2265.0,14155,1.3
2021-07-22,2317.0,19284,6.8
2021-07-23,2321.0,15070,3.5
2021-07-26,2392.0,33453,1.6
2021-07-27,2393.0,17661,1.0
2021-07-28,2427.0,20621,8.6
2021-07-29,2435.0,19378,3.1
2021-07-30,2366.0,27086,4.4
2021-08-02,2363.0,21280,0.4
2021-08-03,2426.0,31834,0.0
2021-08-04,2393.0,27184,2.3
2021-08-05,2405.0,18523,3.5
2021-08-06,2417.0,24585,0.9
2021-08-09,2411.0,28106,11.3
2021-08-10,2468.0,20041,17.4
2021-08-11,2509.0,18589,21.7
2021-08-12,2507.0,11743,4.0
2021-08-13,2547.0,9127,2.3
2021-08-16,2544.0,10340,0.1
2021-08-17,2607.0,3827,0.9
2021-08-18,2630.0,3,0.2
2021-08-19,2641.0,16,0.8
2021-08-20,2580.0,1,7.2
2021-08-23,2574.0,1,1.4
2021-08-24,2590.0,0,6.6
2021-08-25,2632.0,0,26.0
2021-08-26,2643.0,0,6.4
2021-08-27,2602.0,0,2.7
2021-08-30,2617.0,0,3.9
2021-08-31,2560.0,3,13.0
2021-09-01,2558.0,0,5.6
2021-09-02,2631.0,0,8.8
2021-09-03,2674.0,0,6.4
2021-09-07,2753.0,26,0.3
2021-09-08,2727.0,0,2.0
2021-09-09,2713.0,0,7.2
2021-09-10,2643.0,0,2.5
2021-09-13,2677.0,0,1.0
2021-09-14,2696.0,0,1.1
2021-09-15,2703.0,16321,36.1
2021-09-16,2657.0,9643,1.0
2021-09-17,2665.0,11863,6.9
2021-09-20,2593.0,24454,2.9
2021-09-21,2605.0,15380,3.4
2021-09-22,2652.0,17186,2.7
2021-09-23,2612.0,16000,11.9
2021-09-24,2591.0,16078,9.6
2021-09-27,2546.0,17756,0.3
2021-09-28,2555.0,17975,6.4
2021-09-29,2589.0,16315,2.4
2021-09-30,2652.0,23766,0.4
2021-10-01,2710.0,24042,3.2
2021-10-04,2752.0,25174,0.7
2021-10-05,2755.0,21110,1.7
2021-10-06,2715.0,24068,13.1
2021-10-07,2726.0,13244,8.4
2021-10-08,2750.0,16608,0.6
2021-10-11,2682.0,19919,2.4
2021-10-12,2675.0,13898,0.7
2021-10-13,2602.0,25149,0.1
2021-10-14,2584.0,22151,0.5
2021-10-15,2607.0,18526,0.4
2021-10-18,2610.0,13778,7.5
2021-10-19,2559.0,24314,6.3
2021-10-20,2505.0,20158,2.3
2021-10-21,2555.0,24165,7.4
2021-10-22,2583.0,17196,5.5
2021-10-25,2616.0,21074,11.5
2021-10-26,2581.0,13928,0.2
2021-10-27,2603.0,17070,0.9
2021-10-28,2571.0,20000,3.1
2021-10-29,2544.0,16693,8.4
2021-11-01,2564.0,17143,1.8
2021-11-02,2457.0,27303,0.2
2021-11-03,2424.0,28296,0.1
2021-11-04,2440.0,14714,0.3
2021-11-05,2397.0,28032,3.5
2021-11-08,2433.0,21069,0.7
2021-11-09,2433.0,17287,0.1
2021-11-10,2473.0,16255,6.5
2021-11-11,2485.0,9321,4.4
2021-11-12,2470.0,5664,4.1
2021-11-15,2458.0,5109,12.1
2021-11-16,2505.0,36,2.1
2021-11-17,2514.0,18,0.6
2021-11-18,2552.0,5,8.1
2021-11-19,2493.0,25,0.0
2021-11-22,2498.0,0,0.4
2021-11-23,2478.0,0,0.0
2021-11-24,2456.0,15,0.3
2021-11-26,2340.0,0,0.5
2021-11-29,2322.0,0,0.3
2021-11-30,2314.0,2,0.0
2021-12-01,2320.0,0,0.3
2021-12-02,2421.0,0,0.1
2021-12-03,2435.0,0,0.1
2021-12-06,2428.0,0,0.2
2021-12-07,2453.0,0,0.2
2021-12-08,2466.0,1,0.0
2021-12-09,2447.0,0,0.0
2021-12-10,2462.0,0,0.0
2021-12-13,2528.0,1,0.0
2021-12-14,2584.0,1,0.1
2021-12-15,2627.0,16734,0.9
2021-12-16,2547.0,17933,0.0
2021-12-17,2497.0,15934,0.0
2021-12-20,2423.0,18335,0.0
2021-12-21,2460.0,12410,0.0
2021-12-22,2466.0,13069,0.0
2021-12-23,2473.0,0,0.0
2021-12-27,2461.0,6692,0.0
2021-12-28,2485.0,9060,0.0
2021-12-29,2515.0,11564,0.0
2021-12-30,2559.0,19967,0.0
2021-12-31,2520.0,18144,0.2
2022-01-03,2499.0,14712,0.0
2022-01-04,2462.0,21749,0.0
2022-01-05,2457.0,23898,0.0
2022-01-06,2423.0,17841,0.0
2022-01-07,2521.0,24723,0.0
2022-01-10,2521.0,18059,0.0
2022-01-11,2588.0,26805,0.0
2022-01-12,2559.0,24958,0.0
2022-01-13,2609.0,21234,0.1
2022-01-14,2659.0,21192,0.0
2022-01-18,2631.0,31842,0.0
2022-01-19,2657.0,18402,0.0
2022-01-20,2660.0,18762,0.0
2022-01-21,2576.0,26905,0.0
2022-01-24,2493.0,25526,0.0
2022-01-25,2503.0,20901,0.0
2022-01-26,2513.0,16077,0.0
2022-01-27,2451.0,21863,0.0
2022-01-28,2494.0,18035,0.0
2022-01-31,2528.0,20650,0.0
2022-02-01,2613.0,25087,0.0
2022-02-02,2617.0,23079,0.0
2022-02-03,2634.0,19568,0.0
2022-02-04,2668.0,26114,0.0
2022-02-07,2624.0,25403,0.3
2022-02-08,2669.0,17465,0.0
2022-02-09,2756.0,21961,0.0
2022-02-10,2786.0,11348,0.0
2022-02-11,2766.0,9500,0.0
2022-02-14,2677.0,5636,0.2
2022-02-15,2667.0,5460,0.0
2022-02-16,2611.0,4459,0.0
2022-02-17,2589.0,7330,0.3
2022-02-18,2573.0,1333,0.0
2022-02-22,2611.0,15,0.1
2022-02-23,2626.0,37,0.0
2022-02-24,2578.0,30,0.1
2022-02-25,2576.0,2,0.3
2022-02-28,2491.0,1,0.2
2022-03-01,2483.0,1,0.8
2022-03-02,2491.0,45,2.7
2022-03-03,2524.0,1,3.0
2022-03-04,2582.0,0,2.6
2022-03-07,2597.0,0,0.1
2022-03-08,2597.0,10,3.3
2022-03-09,2624.0,0,0.0
2022-03-10,2643.0,5,0.0
2022-03-11,2580.0,0,9.1
2022-03-14,2571.0,0,14.0
2022-03-15,2461.0,2,9.4
2022-03-16,2471.0,15992,0.1
2022-03-17,2504.0,31797,6.1
2022-03-18,2537.0,17423,1.7
2022-03-21,2521.0,13964,9.9
2022-03-22,2586.0,18069,1.1
2022-03-23,2631.0,18483,3.9
2022-03-24,2583.0,20088,10.9
2022-03-25,2562.0,17345,7.2
2022-03-28,2602.0,13654,0.0
2022-03-29,2639.0,14715,0.2
2022-03-30,2651.0,21439,0.4
2022-03-31,2650.0,18301,0.6
2022-04-01,2599.0,22839,1.8
2022-04-04,2562.0,32577,9.8
2022-04-05,2534.0,21452,0.4
2022-04-06,2549.0,22003,11.9
2022-04-07,2574.0,15650,5.2
2022-04-08,2620.0,16182,0.0
2022-04-11,2616.0,11826,1.6
2022-04-12,2583.0,8315,0.1
2022-04-13,2583.0,9840,1.6
2022-04-14,2583.0,4530,18.4
2022-04-18,2525.0,5501,2.3
2022-04-19,2525.0,4355,0.3
2022-04-20,2536.0,4992,0.6
2022-04-21,2540.0,6677,9.4
2022-04-22,2506.0,5210,7.5
2022-04-25,2432.0,132,0.0
2022-04-26,2557.0,74,3.9
2022-04-27,2572.0,2,1.0
2022-04-28,2601.0,3,6.8
2022-04-29,2597.0,6,0.4
2022-05-02,2632.0,0,1.1
2022-05-03,2615.0,0,7.8
2022-05-04,2588.0,1,6.8
2022-05-05,2519.0,0,22.6
2022-05-06,2500.0,0,8.8
2022-05-09,2483.0,2,3.6
2022-05-10,2473.0,0,10.2
2022-05-11,2517.0,0,7.6
2022-05-12,2461.0,0,7.4
2022-05-13,2483.0,21280,0.1
2022-05-16,2505.0,17446,1.4
2022-05-17,2513.0,15062,2.4
2022-05-18,2470.0,19307,3.0
2022-05-19,2457.0,20873,0.7
2022-05-20,2429.0,21673,7.7
2022-05-23,2451.0,21168,14.1
2022-05-24,2441.0,13882,16.2
2022-05-25,2407.0,25150,15.2
2022-05-26,2464.0,35424,1.8
2022-05-27,2462.0,13612,1.4
2022-05-31,2496.0,24260,6.3
2022-06-01,2524.0,26371,5.8
2022-06-02,2485.0,25089,0.6
2022-06-03,2469.0,23918,4.2
2022-06-06,2488.0,35678,19.7
2022-06-07,2475.0,32667,0.0
2022-06-08,2458.0,28272,0.5
2022-06-09,2428.0,31882,0.3
2022-06-10,2385.0,16609,5.7
2022-06-13,2334.0,19055,0.4
2022-06-14,2326.0,7766,0.3
2022-06-15,2332.0,6815,0.7
2022-06-16,2329.0,12479,10.5
2022-06-17,2387.0,7024,6.4
2022-06-21,2416.0,6766,3.2
2022-06-22,2399.0,3961,2.2
2022-06-23,2379.0,4570,12.0
2022-06-24,2381.0,27,4.5
2022-06-27,2361.0,2,1.7
2022-06-28,2353.0,0,6.2
2022-06-29,2317.0,0,5.0
2022-06-30,2291.0,0,3.1
2022-07-01,2265.0,0,2.5
2022-07-05,2266.0,0,0.4
2022-07-06,2307.0,1,2.3
2022-07-07,2305.0,0,1.0
2022-07-08,2269.0,0,2.8
2022-07-11,2324.0,0,2.1
2022-07-12,2305.0,0,1.4
2022-07-13,2254.0,0,4.6
2022-07-14,2198.0,38248,0.7
2022-07-15,2321.0,23699,0.8
2022-07-18,2329.0,16540,0.1
2022-07-19,2347.0,16275,0.4
2022-07-20,2368.0,22889,0.4
2022-07-21,2304.0,22930,0.0
2022-07-22,2297.0,16258,0.0
2022-07-25,2376.0,31694,0.2
2022-07-26,2400.0,31079,0.1
2022-07-27,2355.0,24579,9.4
2022-07-28,2317.0,24415,1.5
2022-07-29,2323.0,27827,0.4
2022-08-01,2339.0,24764,8.0
2022-08-02,2340.0,23060,1.4
2022-08-03,2281.0,31190,0.6
2022-08-04,2349.0,53011,1.8
2022-08-05,2305.0,56028,1.8
2022-08-08,2340.0,35615,0.2
2022-08-09,2363.0,42015,0.0
2022-08-10,2398.0,35019,1.5
2022-08-11,2409.0,21906,0.5
2022-08-12,2352.0,11214,0.3
2022-08-15,2360.0,5571,9.1
2022-08-16,2333.0,9446,1.6
2022-08-17,2400.0,11775,0.5
2022-08-18,2402.0,5333,0.3
2022-08-19,2362.0,5078,0.0
2022-08-22,2348.0,5233,0.7
2022-08-23,2300.0,3526,30.7
2022-08-24,2402.0,2670,12.7
2022-08-25,2418.0,30,0.4
2022-08-26,2414.0,0,19.4
2022-08-29,2429.0,648,1.0
2022-08-30,2422.0,0,0.2
2022-08-31,2427.0,0,21.7
2022-09-01,2382.0,216,7.8
2022-09-02,2430.0,3,1.2
2022-09-06,2383.0,1,10.9
2022-09-07,2308.0,1,1.2
2022-09-08,2286.0,0,0.7
2022-09-09,2360.0,1,0.6
2022-09-12,2386.0,0,0.6
2022-09-13,2350.0,0,3.6
2022-09-14,2347.0,10,3.1
2022-09-15,2412.0,32208,9.4
2022-09-16,2360.0,22014,31.6
2022-09-19,2369.0,15720,6.9
2022-09-20,2355.0,24905,18.6
2022-09-21,2352.0,15246,3.4
2022-09-22,2321.0,22483,4.0
2022-09-23,2247.0,39311,6.6
2022-09-26,2243.0,36427,2.7
2022-09-27,2286.0,24907,2.1
2022-09-28,2282.0,22823,61.1
2022-09-29,2327.0,24438,1.0
2022-09-30,2354.0,29000,8.7
2022-10-03,2337.0,30032,0.7
2022-10-04,2360.0,31025,0.5
2022-10-05,2392.0,36060,6.6
2022-10-06,2373.0,33720,9.4
2022-10-07,2396.0,22395,13.5
2022-10-10,2358.0,23849,5.2
2022-10-11,2347.0,23896,11.1
2022-10-12,2318.0,23697,2.0
2022-10-13,2385.0,31660,4.4
2022-10-14,2377.0,26338,27.3
2022-10-17,2340.0,33767,8.3
2022-10-18,2305.0,27372,2.8
2022-10-19,2308.0,28388,12.3
2022-10-20,2328.0,18246,11.5
2022-10-21,2306.0,17004,0.7
2022-10-24,2337.0,21134,9.0
2022-10-25,2296.0,28507,0.4
2022-10-26,2278.0,25370,4.5
2022-10-27,2314.0,22134,2.1
2022-10-28,2302.0,24582,3.9
2022-10-31,2335.0,27986,2.1
2022-11-01,2348.0,24453,13.4
2022-11-02,2379.0,30594,2.4
2022-11-03,2372.0,24762,2.3
2022-11-04,2434.0,50005,0.6
2022-11-07,2506.0,81381,0.1
2022-11-08,2537.0,45288,0.1
2022-11-09,2532.0,26406,0.0
2022-11-10,2558.0,14721,0.0
2022-11-11,2520.0,13933,3.0
2022-11-14,2497.0,14382,4.9
2022-11-15,2500.0,8685,0.8
2022-11-16,2503.0,5898,0.0
2022-11-17,2428.0,12726,0.0
2022-11-18,2412.0,8689,0.0
2022-11-21,2387.0,3670,0.1
2022-11-22,2381.0,2125,0.2
2022-11-23,2397.0,9,0.1
2022-11-25,2437.0,27,0.0
2022-11-28,2438.0,3,1.3
2022-11-29,2433.0,0,0.3
2022-11-30,2451.0,0,20.6
2022-12-01,2472.0,0,1.2
2022-12-02,2489.0,4,2.2
2022-12-05,2432.0,7,1.2
2022-12-06,2437.0,0,0.2
2022-12-07,2442.0,1,0.6
2022-12-08,2492.0,0,0.8
2022-12-09,2454.0,0,0.2
2022-12-12,2452.0,0,0.0
2022-12-13,2491.0,0,0.0
2022-12-14,2474.0,16487,0.0
2022-12-15,2517.0,15074,0.0
2022-12-16,2475.0,22067,0.0
2022-12-19,2499.0,17815,0.2
2022-12-20,2498.0,19135,0.0
2022-12-21,2529.0,18703,0.0
2022-12-22,2606.0,36692,0.0
2022-12-23,2628.0,26051,0.0
2022-12-27,2633.0,16555,0.0
2022-12-28,2621.0,20880,0.0
2022-12-29,2578.0,19317,0.0
2022-12-30,2600.0,14616,0.0
2023-01-03,2572.0,24327,0.0
2023-01-04,2603.0,16842,0.0
2023-01-05,2617.0,21327,0.0
2023-01-06,2605.0,20198,0.0
2023-01-09,2690.0,30613,0.0
2023-01-10,2604.0,32095,0.0
2023-01-11,2633.0,19499,0.0
2023-01-12,2640.0,15749,0.0
2023-01-13,2651.0,16025,0.0
2023-01-17,2641.0,23486,0.0
2023-01-18,2620.0,19652,0.0
2023-01-19,2570.0,29885,0.0
2023-01-20,2569.0,43770,0.0
2023-01-23,2608.0,25402,0.0
2023-01-24,2585.0,17767,0.2
2023-01-25,2592.0,16674,0.7
2023-01-26,2629.0,18023,0.0
2023-01-27,2627.0,14661,1.4
2023-01-30,2611.0,22436,0.1
2023-01-31,2581.0,26849,0.0
2023-02-01,2592.0,25952,0.0
2023-02-02,2583.0,21039,0.1
2023-02-03,2569.0,32303,0.0
2023-02-06,2577.0,29965,0.0
2023-02-07,2581.0,38591,1.0
2023-02-08,2579.0,26281,1.2
2023-02-09,2578.0,13699,0.1
2023-02-10,2564.0,9361,0.1
2023-02-13,2621.0,9413,0.3
2023-02-14,2621.0,5301,0.3
2023-02-15,2692.0,7386,0.0
2023-02-16,2700.0,6288,0.2
2023-02-17,2722.0,4353,0.0
2023-02-21,2732.0,6287,0.0
2023-02-22,2738.0,38,0.0
2023-02-23,2729.0,380,0.0
2023-02-24,2707.0,4,0.0
2023-02-27,2715.0,2,19.8
2023-02-28,2748.0,0,6.4
2023-03-01,2800.0,2,0.1
2023-03-02,2760.0,57,8.4
2023-03-03,2730.0,4,0.2
2023-03-06,2761.0,0,0.1
2023-03-07,2726.0,0,0.0
2023-03-08,2699.0,1,0.0
2023-03-09,2702.0,21,0.5
2023-03-10,2674.0,4,5.2
2023-03-13,2613.0,0,0.0
2023-03-14,2628.0,5,0.1
2023-03-15,2586.0,0,0.1
2023-03-16,2658.0,35894,0.0
2023-03-17,2738.0,32963,7.9
2023-03-20,2785.0,33309,0.0
2023-03-21,2817.0,32438,1.5
2023-03-22,2874.0,39680,25.0
2023-03-23,2868.0,34475,0.8
2023-03-24,2884.0,25486,0.2
2023-03-27,2902.0,28448,1.6
2023-03-28,2901.0,23740,0.2
2023-03-29,2880.0,21729,12.2
2023-03-30,2917.0,36611,4.2
2023-03-31,2933.0,29946,0.0
2023-04-03,2868.0,35388,4.4
2023-04-04,2914.0,40763,0.2
2023-04-05,2903.0,36591,2.8
2023-04-06,2919.0,0,0.1
2023-04-10,2922.0,28419,0.0
2023-04-11,2985.0,45874,4.1
2023-04-12,2954.0,21048,1.0
2023-04-13,3002.0,13414,0.1
2023-04-14,2984.0,11071,0.1
2023-04-17,3003.0,9765,0.6
2023-04-18,3054.0,9881,6.5
2023-04-19,3079.0,9114,18.9
2023-04-20,3087.0,8693,0.6
2023-04-21,3171.0,3086,0.0
2023-04-24,3203.0,107,0.6
2023-04-25,3149.0,41,10.2
2023-04-26,3176.0,18,5.9
2023-04-27,3150.0,7,0.0
2023-04-28,3174.0,13,11.8
2023-05-01,3171.0,24,0.5
2023-05-02,3130.0,8,0.2
2023-05-03,3014.0,36,0.0
2023-05-04,3052.0,0,0.5
2023-05-05,3109.0,0,0.8
2023-05-08,3179.0,4,0.2
2023-05-09,3229.0,10,13.4
2023-05-10,3260.0,11,0.8
2023-05-11,3242.0,8,0.9
2023-05-12,3226.0,49,3.0
2023-05-15,3160.0,21300,10.8
2023-05-16,2995.0,19384,0.0
2023-05-17,3000.0,14464,0.0
2023-05-18,2991.0,21182,9.2
2023-05-19,3068.0,31231,3.7
2023-05-22,3023.0,24531,0.5
2023-05-23,3016.0,16988,6.7
2023-05-24,3010.0,19258,0.3
2023-05-25,3017.0,16176,9.3
2023-05-26,2991.0,26105,0.4
2023-05-30,3005.0,19322,1.2
2023-05-31,3007.0,26454,1.9
2023-06-01,3008.0,34422,14.9
2023-06-02,3026.0,25530,13.2
2023-06-05,3056.0,28784,2.0
2023-06-06,3045.0,52105,21.6
2023-06-07,3103.0,43640,2.9
2023-06-08,3149.0,26981,7.3
2023-06-09,3180.0,27194,6.6
2023-06-12,3136.0,17951,2.7
2023-06-13,3186.0,20201,0.0
2023-06-14,3189.0,22385,1.0
2023-06-15,3226.0,7851,1.0
2023-06-16,3188.0,5721,0.1
2023-06-20,3142.0,12149,2.0
2023-06-21,3164.0,4001,12.8
2023-06-22,3138.0,1663,10.5
2023-06-23,3123.0,2119,1.0
2023-06-26,3206.0,21,4.7
2023-06-27,3212.0,11,2.3
2023-06-28,3292.0,19,0.7
2023-06-29,3218.0,3,6.9
2023-06-30,3318.0,2,1.3
2023-07-03,3364.0,1,9.4
2023-07-05,3334.0,42,0.2
2023-07-06,3277.0,0,14.0
2023-07-07,3274.0,3,0.5
2023-07-10,3299.0,2,3.6
2023-07-11,3296.0,0,3.0
2023-07-12,3299.0,19,5.9
2023-07-13,3232.0,8,7.7
2023-07-14,3307.0,35464,1.0
2023-07-17,3359.0,18464,5.4
2023-07-18,3407.0,23093,6.1
2023-07-19,3433.0,21683,1.2
2023-07-20,3388.0,18330,6.8
2023-07-21,3415.0,17637,0.8
2023-07-24,3417.0,13588,1.1
2023-07-25,3470.0,27274,3.9
2023-07-26,3552.0,40035,0.9
2023-07-27,3529.0,23786,7.2
2023-07-28,3525.0,14059,5.5
2023-07-31,3548.0,19202,16.8
2023-08-01,3543.0,29107,4.0
2023-08-02,3562.0,28982,11.6
2023-08-03,3491.0,33437,2.8
2023-08-04,3510.0,39427,0.8
2023-08-07,3476.0,79742,8.8
2023-08-08,3333.0,44561,20.4
2023-08-09,3319.0,22758,41.4
2023-08-10,3282.0,22965,6.7
2023-08-11,3297.0,13733,3.3
2023-08-14,3321.0,6923,3.3
2023-08-15,3340.0,5144,0.4
2023-08-16,3372.0,7301,0.0
2023-08-17,3413.0,3819,20.8
2023-08-18,3366.0,3650,5.1
2023-08-21,3355.0,2056,9.4
2023-08-22,3329.0,3368,2.2
2023-08-23,3323.0,2122,1.0
2023-08-24,3363.0,4359,1.5
2023-08-25,3430.0,47,0.7
2023-08-28,3442.0,6,1.3
2023-08-29,3555.0,5,4.7
2023-08-30,3606.0,2,5.3
2023-08-31,3602.0,1,3.9
2023-09-01,3574.0,7,3.7
2023-09-05,3560.0,83,1.0
2023-09-06,3577.0,1,1.6
2023-09-07,3573.0,6,0.7
2023-09-08,3609.0,19,2.8
2023-09-11,3611.0,5,0.9
2023-09-12,3772.0,22,3.7
2023-09-13,3849.0,3,16.5
2023-09-14,3853.0,17479,1.7
2023-09-15,3757.0,14101,3.0
2023-09-18,3621.0,29765,16.0
2023-09-19,3642.0,22497,0.7
2023-09-20,3570.0,25702,14.7
2023-09-21,3595.0,21421,5.9
2023-09-22,3582.0,20986,11.4
2023-09-25,3496.0,23820,0.4
2023-09-26,3500.0,19988,1.3
2023-09-27,3416.0,32686,10.0
2023-09-28,3459.0,23340,1.8
2023-09-29,3418.0,25999,3.7
2023-10-02,3502.0,27425,11.0
2023-10-03,3428.0,22599,11.6
2023-10-04,3431.0,15882,1.5
2023-10-05,3400.0,22992,2.3
2023-10-06,3453.0,22147,22.1
2023-10-09,3435.0,14886,16.0
2023-10-10,3474.0,15117,9.7
2023-10-11,3432.0,14216,28.3
2023-10-12,3490.0,19367,5.7
2023-10-13,3499.0,17559,0.3
2023-10-16,3591.0,30432,4.4
2023-10-17,3635.0,20606,6.2
2023-10-18,3639.0,23508,1.9
2023-10-19,3648.0,21540,5.0
2023-10-20,3694.0,20399,0.0
2023-10-23,3759.0,20738,4.2
2023-10-24,3729.0,23275,0.7
2023-10-25,3735.0,19776,0.1
2023-10-26,3810.0,22206,0.2
2023-10-27,3852.0,22900,0.3
2023-10-30,3826.0,16837,14.2
2023-10-31,3817.0,22845,6.2
2023-11-01,3794.0,16708,0.2
2023-11-02,3865.0,19046,0.0
2023-11-03,3898.0,25573,0.0
2023-11-06,3914.0,45901,1.1
2023-11-07,3883.0,34321,5.8
2023-11-08,3916.0,35999,1.4
2023-11-09,3949.0,19754,1.6
2023-11-10,3991.0,18417,3.5
2023-11-13,4051.0,12766,0.0
2023-11-14,3946.0,21864,0.6
2023-11-15,3939.0,10180,0.0
2023-11-16,4004.0,7246,1.1
2023-11-17,4083.0,8589,2.7
2023-11-20,4034.0,10602,0.7
2023-11-21,4227.0,9761,0.1
2023-11-22,4173.0,713,0.0
2023-11-24,4219.0,33,0.5
2023-11-27,4260.0,321,6.2
2023-11-28,4370.0,86,1.8
2023-11-29,4438.0,12,0.6
2023-11-30,4475.0,15,1.0
2023-12-01,4398.0,14,0.1
2023-12-04,4271.0,15,0.0
2023-12-05,4206.0,7,0.1
2023-12-06,4241.0,39,0.0
2023-12-07,4340.0,1,0.2
2023-12-08,4381.0,0,1.0
2023-12-11,4351.0,5,0.1
2023-12-12,4375.0,6,0.3
2023-12-13,4395.0,15859,0.0
2023-12-14,4267.0,25216,0.0
2023-12-15,4244.0,19048,0.0
2023-12-18,4271.0,18493,0.0
2023-12-19,4289.0,16193,0.0
2023-12-20,4309.0,16998,0.0
2023-12-21,4288.0,20606,0.0
2023-12-22,4311.0,12715,0.0
2023-12-26,4283.0,9121,0.0
2023-12-27,4280.0,12495,0.0
2023-12-28,4256.0,16113,0.0
2023-12-29,4196.0,18596,0.0
2024-01-02,4275.0,24130,0.0
2024-01-03,4238.0,25190,2.6
2024-01-04,4260.0,15720,0.0
2024-01-05,4204.0,19627,0.0
2024-01-08,4094.0,53188,0.0
2024-01-09,4162.0,28725,1.0
2024-01-10,4206.0,22852,0.0
2024-01-11,4274.0,24520,0.1
2024-01-12,4323.0,30064,0.0
2024-01-16,4429.0,35655,0.0
2024-01-17,4448.0,27594,0.0
2024-01-18,4458.0,29379,0.0
2024-01-19,4583.0,39687,0.0
2024-01-22,4565.0,27707,0.0
2024-01-23,4634.0,50898,0.3
2024-01-24,4785.0,36933,0.0
2024-01-25,4625.0,44374,0.0
2024-01-26,4672.0,25005,0.7
2024-01-29,4732.0,29981,0.0
2024-01-30,4805.0,33961,0.0
2024-01-31,4822.0,25256,0.0
2024-02-01,4956.0,36184,0.1
2024-02-02,5009.0,37945,0.0
2024-02-05,5189.0,37591,0.0
2024-02-06,5220.0,36089,0.0
2024-02-07,5410.0,42231,0.0
2024-02-08,5805.0,37991,0.0
2024-02-09,5888.0,35319,0.0
2024-02-12,5860.0,16137,0.0
2024-02-13,6001.0,12137,0.2
2024-02-14,5949.0,9014,0.0
2024-02-15,5961.0,6096,0.0
2024-02-16,5706.0,10725,0.2
2024-02-20,5999.0,6822,0.1
2024-02-21,6198.0,2545,0.5
2024-02-22,6169.0,843,0.1
2024-02-23,6562.0,83,0.0
2024-02-26,6884.0,42,1.1
2024-02-27,6755.0,8,0.3
2024-02-28,6380.0,7,3.8
2024-02-29,6510.0,319,17.2
2024-03-01,6826.0,5,1.2
2024-03-04,7057.0,0,0.0
2024-03-05,6970.0,1,0.2
2024-03-06,7170.0,3,0.0
2024-03-07,7054.0,1,4.6
2024-03-08,6997.0,1,0.2
2024-03-11,7329.0,0,5.8
2024-03-12,8048.0,8,1.4
2024-03-13,8034.0,20260,0.0
2024-03-14,7405.0,29410,3.4
2024-03-15,8018.0,25580,0.1
2024-03-18,8172.0,32655,1.4
2024-03-19,8027.0,19138,5.1
2024-03-20,8324.0,23723,2.4
2024-03-21,8559.0,21272,0.0
2024-03-22,8939.0,16403,5.1
2024-03-25,9649.0,19698,0.2
2024-03-26,9622.0,26263,0.0
2024-03-27,9843.0,23291,0.0
2024-03-28,9766.0,17953,4.8
2024-04-01,10120.0,11594,2.5
2024-04-02,9949.0,19824,0.2
2024-04-03,9524.0,23087,0.9
2024-04-04,9462.0,14914,0.0
2024-04-05,9795.0,16993,7.4
2024-04-08,9895.0,22946,13.3
2024-04-09,10204.0,15144,0.3
2024-04-10,10411.0,10866,2.2
2024-04-11,10373.0,12639,14.9
2024-04-12,10987.0,6464,0.0
2024-04-15,11001.0,5550,0.2
2024-04-16,10243.0,4386,1.1
2024-04-17,10340.0,5414,0.7
2024-04-18,11311.0,5542,0.1
2024-04-19,11878.0,2808,0.2
2024-04-22,11166.0,1652,2.8
2024-04-23,10584.0,3530,6.0
2024-04-24,11043.0,19,0.0
2024-04-25,10988.0,6,0.1
2024-04-26,10729.0,8,0.2
2024-04-29,9983.0,30,1.3
2024-04-30,10133.0,18,1.0
2024-05-01,9183.0,15,0.5
2024-05-02,8483.0,22,1.2
2024-05-03,8505.0,10,17.5
2024-05-06,8571.0,4,10.3
2024-05-07,9593.0,0,0.8
2024-05-08,9617.0,0,0.0
2024-05-09,9678.0,0,0.3
2024-05-10,9874.0,0,6.4
2024-05-13,8149.0,0,4.0
2024-05-14,8751.0,1,10.8
2024-05-15,9066.0,8426,0.0
2024-05-16,7393.0,11580,17.4
2024-05-17,7348.0,7907,4.0
2024-05-20,7216.0,10261,1.1
2024-05-21,7394.0,7994,7.0
2024-05-22,7536.0,8462,12.4
2024-05-23,8109.0,14084,0.5
2024-05-24,8294.0,10974,0.0
2024-05-28,8780.0,15093,2.0
2024-05-29,9309.0,14757,0.9
2024-05-30,9257.0,9201,3.7
2024-05-31,9331.0,8033,34.3
2024-06-03,9775.0,17665,0.6
2024-06-04,9557.0,14149,1.4
2024-06-05,9408.0,12615,12.1
2024-06-06,9872.0,11501,1.1
2024-06-07,9933.0,15259,9.2
2024-06-10,9687.0,9152,3.1
2024-06-11,9910.0,9207,0.5
2024-06-12,10539.0,7296,0.6
2024-06-13,10810.0,4837,6.4
2024-06-14,10294.0,2946,8.4
2024-06-17,9659.0,3308,0.8
2024-06-18,9938.0,2336,7.4
2024-06-20,9598.0,2143,5.2
2024-06-21,8995.0,1568,2.2
2024-06-24,7978.0,28,1.0
2024-06-25,7967.0,7,5.4
2024-06-26,7797.0,5,17.0
2024-06-27,7397.0,9,2.0
2024-06-28,7729.0,1,7.5
2024-07-01,7352.0,1,7.4
2024-07-02,7773.0,412,3.9
2024-07-03,7811.0,0,2.0
2024-07-05,7721.0,10,0.1
2024-07-08,7693.0,3,2.8
2024-07-09,8023.0,1,5.0
2024-07-10,8197.0,0,7.6
2024-07-11,8441.0,1,6.7
2024-07-12,8523.0,0,1.7
2024-07-15,8463.0,1,0.2
2024-07-16,8320.0,9527,2.0
2024-07-17,7763.0,10306,0.5
2024-07-18,8068.0,9181,6.2
2024-07-19,7689.0,9291,1.3
2024-07-22,8398.0,11876,0.6
2024-07-23,8286.0,6276,0.3
2024-07-24,8227.0,10226,0.7
2024-07-25,7805.0,8448,0.2
2024-07-26,8038.0,8417,1.0
2024-07-29,7716.0,11261,2.8
2024-07-30,8136.0,11585,1.5
2024-07-31,8092.0,8340,1.5
2024-08-01,7562.0,12323,3.1
2024-08-02,7520.0,11475,1.8
2024-08-05,7901.0,13965,0.8
2024-08-06,8223.0,11629,0.6
2024-08-07,8586.0,14297,0.4
2024-08-08,8178.0,11741,0.1
2024-08-09,9098.0,8871,0.3
2024-08-12,8731.0,8295,3.2
2024-08-13,8862.0,7909,40.6
2024-08-14,8833.0,4032,1.4
2024-08-15,8485.0,4510,0.5
2024-08-16,8637.0,2728,0.8
2024-08-19,9173.0,3597,4.2
2024-08-20,9486.0,1891,6.4
2024-08-21,9582.0,2811,3.7
2024-08-22,9689.0,2362,2.1
2024-08-23,9821.0,999,11.8
2024-08-26,9880.0,53,23.9
2024-08-27,9785.0,35,12.8
2024-08-28,9730.0,11,2.5
2024-08-29,9600.0,13,0.8
2024-08-30,9666.0,23,3.4
2024-09-03,9663.0,13,0.2
2024-09-04,9282.0,6,2.0
2024-09-05,9539.0,6,1.1
2024-09-06,9459.0,0,0.5
2024-09-09,9839.0,0,1.1
2024-09-10,9654.0,3,2.0
2024-09-11,10115.0,4,20.5
2024-09-12,9968.0,1,4.8
2024-09-13,10079.0,7635,0.7
2024-09-16,7767.0,8493,0.5
2024-09-17,7620.0,6229,1.9
2024-09-18,7814.0,11843,18.5
2024-09-19,7750.0,6001,3.0
2024-09-20,7658.0,7013,4.4
2024-09-23,7786.0,8558,1.1
2024-09-24,7867.0,8515,4.1
2024-09-25,7955.0,8326,1.5
2024-09-26,8122.0,22154,12.5
2024-09-27,8281.0,7951,24.3
2024-09-30,7722.0,11870,7.2
2024-10-01,7039.0,16564,23.5
2024-10-02,7064.0,12946,25.3
2024-10-03,7030.0,12133,6.8
2024-10-04,7069.0,14465,25.4
2024-10-07,6908.0,9771,5.3
2024-10-08,7050.0,8375,4.0
2024-10-09,7351.0,8067,1.2
2024-10-10,7529.0,7631,14.0
2024-10-11,7739.0,8121,3.6
2024-10-14,7615.0,6666,0.5
2024-10-15,7942.0,8608,14.7
2024-10-16,7765.0,8645,13.6
2024-10-17,7771.0,7812,8.2
2024-10-18,7450.0,7653,7.6
2024-10-21,7394.0,6440,0.5
2024-10-22,7140.0,10096,2.2
2024-10-23,7001.0,9041,25.1
2024-10-24,6756.0,10428,2.0
2024-10-25,6770.0,12077,4.9
2024-10-28,6917.0,8419,8.4
2024-10-29,7267.0,9564,16.3
2024-10-30,7391.0,8325,15.0
2024-10-31,7334.0,6597,1.1
2024-11-01,7341.0,9025,1.1
2024-11-04,7328.0,8121,1.5
2024-11-05,7251.0,7339,0.2
2024-11-06,6924.0,7101,0.1
2024-11-07,7360.0,7951,0.0
2024-11-08,7117.0,7900,0.5
2024-11-11,7298.0,6765,0.1
2024-11-12,7867.0,5305,1.5
2024-11-13,8163.0,4103,0.9
2024-11-14,8686.0,4125,0.9
2024-11-15,8607.0,3069,0.4
2024-11-18,8404.0,2217,0.1
2024-11-19,8574.0,1900,0.2
2024-11-20,8340.0,1416,0.0
2024-11-21,8449.0,623,0.0
2024-11-22,8897.0,321,0.0
2024-11-25,8863.0,1,0.0
2024-11-26,9033.0,4,0.0
2024-11-27,8844.0,2,0.0
2024-11-29,9220.0,0,0.0
2024-12-02,9197.0,0,0.0
2024-12-03,8833.0,0,0.0
2024-12-04,9196.0,0,0.0
2024-12-05,9648.0,0,0.0
2024-12-06,9767.0,6,0.0
2024-12-09,9977.0,0,0.0
2024-12-10,10387.0,20,0.0
2024-12-11,10458.0,2,0.0
2024-12-12,10702.0,0,0.0
2024-12-13,11181.0,12773,0.0
2024-12-16,11821.0,14298,0.0
2024-12-17,11765.0,12489,0.0
2024-12-18,12565.0,17589,0.0
2024-12-19,12107.0,13974,0.0
2024-12-20,11954.0,12140,0.0
2024-12-23,11746.0,7294,0.0
2024-12-24,11852.0,0,0.3
2024-12-26,11027.0,7450,0.0
2024-12-27,10124.0,13447,0.0
2024-12-30,11507.0,15702,0.0
2024-12-31,11675.0,0,0.1
2025-01-02,11137.0,6414,0.0
2025-01-03,11238.0,4917,0.0
2025-01-06,11377.0,8022,0.0
2025-01-07,11210.0,5582,0.0
2025-01-08,10453.0,10690,0.1
2025-01-09,10927.0,10908,0.2
2025-01-10,10570.0,7119,0.1
2025-01-13,10928.0,6266,0.0
2025-01-14,10951.0,6482,0.1
2025-01-15,10821.0,5047,0.0
2025-01-16,10502.0,9301,0.1
2025-01-17,11173.0,9122,0.0
2025-01-21,11559.0,8582,0.0
2025-01-22,11675.0,8470,0.0
2025-01-23,11552.0,7413,0.0
2025-01-24,11593.0,7160,5.0
2025-01-27,11372.0,6735,2.4
2025-01-28,11374.0,4985,0.1
2025-01-29,11745.0,7188,0.0
2025-01-30,11207.0,6989,0.0
2025-01-31,10987.0,11417,0.0
2025-02-03,11002.0,6677,0.0
2025-02-04,10913.0,5482,0.0
2025-02-05,10514.0,6962,0.0
2025-02-06,10094.0,10531,0.0
2025-02-07,10018.0,11621,0.0
2025-02-10,9714.0,7738,0.0
2025-02-11,10131.0,6514,0.1
2025-02-12,10006.0,3405,0.9
2025-02-13,10381.0,4043,3.0
2025-02-14,10159.0,2428,12.9
2025-02-18,10301.0,3043,0.0
2025-02-19,10218.0,1733,10.3
2025-02-20,10075.0,3220,4.9
2025-02-21,8934.0,1259,0.2
2025-02-24,8352.0,24,0.2
2025-02-25,8675.0,0,0.0
2025-02-26,9100.0,0,0.0
2025-02-27,9130.0,2,0.0
2025-02-28,9014.0,2,0.0
2025-03-03,8082.0,0,0.4
2025-03-04,8225.0,0,2.3
2025-03-05,7915.0,0,4.6
2025-03-06,8036.0,0,2.8
2025-03-07,8141.0,0,9.1
2025-03-10,8279.0,0,1.0
2025-03-11,8151.0,0,1.2
2025-03-12,8204.0,0,7.7
2025-03-13,8031.0,1,5.6
2025-03-14,7728.0,8328,0.0
2025-03-17,7827.0,6258,0.0
2025-03-18,8021.0,5925,0.0
2025-03-19,8121.0,5593,0.5
2025-03-20,8071.0,6996,0.0
2025-03-21,7765.0,8888,6.3
2025-03-24,8079.0,7783,1.3
2025-03-25,7995.0,5135,0.2
2025-03-26,8044.0,6806,2.3
2025-03-27,7979.0,6515,16.2
2025-03-28,8042.0,4999,3.6
2025-03-31,7902.0,7736,0.0
2025-04-01,8177.0,9542,0.2
2025-04-02,8968.0,12783,0.0
2025-04-03,9291.0,16484,5.0
2025-04-04,8512.0,23975,0.1
2025-04-07,8053.0,10686,0.3
2025-04-08,7755.0,6809,0.0
2025-04-09,8447.0,5668,7.4
2025-04-10,8088.0,6647,14.4
2025-04-11,8511.0,3610,6.8
2025-04-14,8247.0,3670,1.9
2025-04-15,8002.0,1761,7.6
2025-04-16,8096.0,1615,1.3
2025-04-17,8365.0,0,3.2
2025-04-21,8810.0,2329,0.2
2025-04-22,9310.0,2216,0.4
2025-04-23,9104.0,761,16.3
2025-04-24,9391.0,65,0.1
2025-04-25,9652.0,0,0.0
2025-04-28,9217.0,1,1.8
2025-04-29,9146.0,14,1.8
2025-04-30,9127.0,0,0.2
2025-05-01,8973.0,0,5.1
2025-05-02,9127.0,0,0.5
2025-05-05,8758.0,0,2.4
2025-05-06,9175.0,13,0.2
2025-05-07,9398.0,1,0.9
2025-05-08,9268.0,0,8.9
2025-05-09,9387.0,0,2.2
2025-05-12,9340.0,7,0.0
2025-05-13,10171.0,1,2.5
2025-05-14,10129.0,9773,2.0
2025-05-15,10257.0,10086,1.2
2025-05-16,10898.0,13430,2.2
2025-05-19,10974.0,11702,2.5
2025-05-20,10874.0,9520,0.6
2025-05-21,10719.0,7512,8.4
2025-05-22,10278.0,6256,1.0
2025-05-23,9764.0,0,14.4
2025-05-27,9739.0,7906,5.5
2025-05-28,9634.0,9983,3.3
2025-05-29,9110.0,11098,13.9
2025-05-30,9791.0,8704,24.4
2025-06-02,9474.0,9159,1.0
2025-06-03,9775.0,7536,1.0
2025-06-04,9948.0,7240,9.0
2025-06-05,10076.0,8282,7.1
2025-06-06,10259.0,9456,0.5
2025-06-09,10174.0,6452,1.6
2025-06-10,9602.0,10584,13.5
2025-06-11,9549.0,6649,7.8
2025-06-12,9858.0,5392,4.9
2025-06-13,9768.0,8790,9.6
2025-06-16,10035.0,4177,2.9
2025-06-17,9943.0,3019,6.8
2025-06-18,9680.0,0,4.0
2025-06-20,8459.0,2783,3.3
2025-06-23,9189.0,404,1.0
2025-06-24,9436.0,155,0.4
2025-06-25,9081.0,4,4.3
2025-06-26,9361.0,9,15.5
2025-06-27,9231.0,0,14.3
2025-06-30,9356.0,1,0.8
2025-07-01,9000.0,1,0.9
2025-07-02,8904.0,4,0.6
2025-07-03,8780.0,0,6.5
2025-07-04,8780.0,0,6.2
2025-07-07,8879.0,0,0.8
2025-07-08,8760.0,0,9.1
2025-07-09,9046.0,2,5.2
2025-07-10,8742.0,0,0.3
2025-07-11,8840.0,0,0.4
2025-07-14,8950.0,0,1.0
2025-07-15,8567.0,0,0.8
2025-07-16,8322.0,10507,2.6
2025-07-17,7309.0,17601,0.9
2025-07-18,7800.0,11035,1.2
2025-07-21,8156.0,11543,1.8
2025-07-22,8149.0,8632,1.4
2025-07-23,8440.0,8123,2.3
2025-07-24,8124.0,8940,1.3
2025-07-25,8329.0,6637,0.1
2025-07-28,8518.0,8496,0.4
2025-07-29,8220.0,10858,0.4
2025-07-30,8192.0,6467,0.8
2025-07-31,8506.0,7056,1.2
2025-08-01,8232.0,7719,0.6
2025-08-04,8102.0,8986,11.8
2025-08-05,8363.0,9162,2.0
2025-08-06,8470.0,8147,0.9
2025-08-07,8644.0,11213,3.4
2025-08-08,8526.0,8972,14.6
2025-08-11,8778.0,8404,2.1
2025-08-12,8793.0,11216,0.7
2025-08-13,8566.0,5756,1.6
2025-08-14,8225.0,3768,0.9
2025-08-15,8235.0,2131,0.2
2025-08-18,8047.0,3790,1.9
2025-08-19,8012.0,1438,1.6
2025-08-20,7675.0,1645,1.6
2025-08-21,7435.0,1617,0.4
2025-08-22,7582.0,914,1.2
2025-08-25,7957.0,10,1.8
2025-08-26,7532.0,3,3.6
2025-08-27,7731.0,35,1.2
2025-08-28,7738.0,1,0.3
2025-08-29,7635.0,0,3.7
2025-09-02,7420.0,0,3.8
2025-09-03,7475.0,0,6.7
2025-09-04,7205.0,0,2.0
2025-09-05,7382.0,12,1.8
2025-09-08,7131.0,0,3.6
2025-09-09,7270.0,0,3.6
2025-09-10,7356.0,0,12.0
2025-09-11,7451.0,3,4.6
2025-09-12,7315.0,0,2.9
2025-09-15,7539.0,8472,3.6
2025-09-16,7371.0,9156,5.4
2025-09-17,7385.0,6450,17.5
2025-09-18,7233.0,7401,0.8
2025-09-19,7243.0,5832,19.9
2025-09-22,6959.0,13678,6.1
2025-09-23,6992.0,10764,2.0
2025-09-24,7048.0,8456,9.9
2025-09-25,6925.0,8985,3.2
2025-09-26,6908.0,5691,1.5
2025-09-29,6998.0,7135,0.9
2025-09-30,6749.0,13489,0.1
2025-10-01,6675.0,9913,5.6
2025-10-02,6481.0,13361,2.8
2025-10-03,6190.0,18588,1.4
2025-10-06,6283.0,13351,3.0
2025-10-07,6179.0,9583,12.6
2025-10-08,6000.0,10541,12.6
2025-10-09,5945.0,9031,8.8
2025-10-10,5848.0,9061,0.9
2025-10-13,5822.0,11190,4.0
2025-10-14,5899.0,11389,7.1
2025-10-15,5809.0,10567,7.2
2025-10-16,5991.0,10128,1.6
2025-10-17,5895.0,9573,1.3
2025-10-20,5899.0,5798,1.0
2025-10-21,5916.0,6347,0.7
2025-10-22,6298.0,13460,0.6
2025-10-23,6339.0,9871,2.6
2025-10-24,6319.0,6080,7.6
2025-10-27,6182.0,0,0.6
2025-10-28,6002.0,7388,0.5
2025-10-29,6044.0,7569,0.1
2025-10-30,6058.0,6457,0.1
2025-10-31,6151.0,12836,0.3
2025-11-03,6559.0,11502,0.5
2025-11-04,6600.0,10320,0.7
2025-11-05,6396.0,9657,7.6
2025-11-06,6185.0,10171,10.7
2025-11-07,6013.0,10733,3.7
2025-11-10,6102.0,7647,0.3
2025-11-11,5829.0,7363,5.5
2025-11-12,5625.0,6491,2.0
2025-11-13,5487.0,7894,0.3
2025-11-14,5287.0,8677,2.4
2025-11-17,5264.0,13407,0.2
2025-11-18,5262.0,6746,2.1
2025-11-19,4943.0,3791,1.9
2025-11-20,5108.0,1351,8.7
2025-11-21,5084.0,29,0.7
2025-11-24,5090.0,0,0.2
2025-11-25,4999.0,0,0.0
2025-11-26,4993.0,2,0.0
2025-11-28,5404.0,0,1.4
2025-12-01,5456.0,0,0.8
2025-12-02,5401.0,0,1.7
2025-12-03,5453.0,0,4.4
2025-12-04,5434.0,1,0.4
2025-12-05,5643.0,0,0.0
2025-12-08,5648.0,1,0.0
2025-12-09,5829.0,2,10.2
2025-12-10,6168.0,0,0.9
2025-12-11,6235.0,0,1.9
2025-12-12,6226.0,0,0.7
2025-12-15,5823.0,18663,18.8
2025-12-16,5998.0,10863,0.1
2025-12-17,5978.0,10526,0.0
2025-12-18,5934.0,9523,0.0
2025-12-19,5845.0,8435,0.0
2025-12-22,5887.0,10563,0.0
2025-12-23,5958.0,9059,0.0
2025-12-24,5966.0,0,2.0
2025-12-26,5953.0,5125,0.7
2025-12-29,6242.0,14671,0.0
2025-12-30,6063.0,13974,0.3
2025-12-31,6065.0,0,0.0
2026-01-02,5871.0,10484,0.2
2026-01-05,6077.0,12000,0.2
2026-01-06,5954.0,12240,0.4
2026-01-07,5915.0,17630,3.7
2026-01-08,6077.0,26853,0.2
2026-01-09,5345.0,36503,0.0
2026-01-12,5443.0,29125,0.0
2026-01-13,5224.0,27203,0.0
2026-01-14,5090.0,22479,0.0
2026-01-15,4966.0,14898,0.4
2026-01-16,5076.0,11213,2.4
2026-01-20,4648.0,19368,0.9
2026-01-21,4448.0,18698,0.8
2026-01-22,4469.0,12900,0.8
2026-01-23,4201.0,15306,0.0
2026-01-26,4348.0,15494,0.0
2026-01-27,4433.0,12151,0.0
2026-01-28,4150.0,13013,0.0
2026-01-29,4177.0,13236,0.0
2026-01-30,4165.0,17409,0.0
2026-02-02,4210.0,16615,4.7
2026-02-03,4300.0,15066,22.6
2026-02-04,4086.0,18987,0.0
2026-02-05,4209.0,15627,0.0
2026-02-06,4197.0,14255,0.2
2026-02-09,4102.0,15904,0.4
2026-02-10,3805.0,13735,0.0
2026-02-11,3762.0,12053,0.0
2026-02-12,3632.0,10766,3.1
2026-02-13,3581.0,9938,1.0
2026-02-17,3384.0,11863,0.5
2026-02-18,3226.0,5903,1.3
2026-02-19,2968.0,5157,0.0
2026-02-20,3080.0,3267,0.0
2026-02-23,3004.0,138,0.1
2026-02-24,2997.0,1,0.0
2026-02-25,2957.0,97,0.0
2026-02-26,2974.0,5,0.7
2026-02-27,2798.0,0,0.6
2026-03-02,2931.0,0,2.3
2026-03-03,2925.0,10,0.3
2026-03-04,2968.0,0,0.8
2026-03-05,2963.0,0,0.2
2026-03-06,3138.0,0,3.4
2026-03-09,3197.0,0,8.8
2026-03-10,3356.0,0,0.1
2026-03-11,3337.0,1,6.4
2026-03-12,3223.0,0,0.0
2026-03-13,3205.0,0,0.0
2026-03-16,3328.0,16374,0.2
2026-03-17,3349.0,14764,0.8
2026-03-18,3260.0,12137,0.2
2026-03-19,3331.0,13959,0.2
2026-03-20,3255.0,14018,0.0
2026-03-23,3180.0,13995,0.0
2026-03-24,3235.0,10675,7.7
2026-03-25,3133.0,10266,0.0
2026-03-26,3164.0,8536,1.0
2026-03-27,3165.0,8905,3.9
2026-03-30,3155.0,9172,0.2
2026-03-31,3300.0,18657,5.8
2026-04-01,3345.0,17354,2.1
2026-04-02,3245.0,13619,0.2
2026-04-06,3235.0,7266,0.6
2026-04-07,3028.0,21725,15.0
2026-04-08,3196.0,23272,7.0
2026-04-09,3162.0,18211,0.7
2026-04-10,3246.0,17476,4.0
2026-04-13,3278.0,23211,5.1
2026-04-14,3557.0,39405,29.3
2026-04-15,3477.0,6693,0.0
2026-04-16,3367.0,6952,0.0
2026-04-17,3186.0,6896,1.1
2026-04-20,3298.0,5498,8.7
2026-04-21,3220.0,4560,10.3
2026-04-22,3339.0,3443,7.7
2026-04-23,3369.0,560,8.0
2026-04-24,3349.0,3,3.0
2026-04-27,3218.0,2,2.2
2026-04-28,3305.0,0,11.7
2026-04-29,3335.0,0,7.2
2026-04-30,3494.0,0,0.0
2026-05-01,3521.0,0,2.0
2026-05-04,3812.0,0,0.3
2026-05-05,4003.0,0,0.1
2026-05-06,4064.0,0,1.0
2026-05-07,4356.0,0,0.3
2026-05-08,4113.0,1,3.9
2026-05-11,4632.0,0,0.1
2026-05-12,4503.0,1,1.6
2026-05-13,4309.0,25336,0.6
2026-05-14,4189.0,17160,2.3
2026-05-15,4002.0,16556,4.5
2026-05-18,3791.0,20504,10.9
2026-05-19,3907.0,14176,4.1
2026-05-20,3889.0,12758,4.9
2026-05-21,3767.0,15658,6.2
2026-05-22,3796.0,14971,9.4
2026-05-26,4152.0,0,4.2
